<?xml version="1.0" encoding="utf-8"?>
<galleryMaker xmlns:ag="http://ns.adobe.com/silver/1.0">

	<!-- - - - - - - - - - - - - - - - - - - - - - - - - - - - - - - - - - - - -->

	<galleryInfo>
		<amg ver="0.5"/>
		<galleryName>TTG Polaroid Gallery Type II 1.2</galleryName>
	    <thumbnail path="TTGlogo.png" />
		<galleryDescription>A Lightroom template implementing Christopher Einarsrud's Polaroid Gallery</galleryDescription>
		<galleryVersion ver="1.1.1"/>
		<livePreview enabled="yes"/>
		<creator company="Turning Gate Design" designer="Matthew Campagna"/>
		<category>Web photo gallery</category>
		<identifier>TTGPolaroidGalleryTypeII</identifier>
		<ag:galleryType>Flash</ag:galleryType>
		<ag:maximumGallerySize>200</ag:maximumGallerySize>
		<ag:galleryOptions supportsChunkedGroupXML='no' supportsLiveUpdate='no' supportsOnDemandImages='no' />
	</galleryInfo>

	<!-- - - - - - - - - - - - - - - - - - - - - - - - - - - - - - - - - - - - -->

	<ag:compatabilty>
		<ag:id>com.adobe.lightroom.default2</ag:id>
	</ag:compatabilty>

	<!-- - - - - - - - - - - - - - - - - - - - - - - - - - - - - - - - - - - - -->

	<ag:perImage>
		<caption value="{{com.adobe.caption}}" title="Caption"/>
	</ag:perImage>

	<!-- - - - - - - - - - - - - - - - - - - - - - - - - - - - - - - - - - - - -->

	<sizes>
		<size name="large" width="700" height="700" directory="images" />
	</sizes>

	<!-- - - - - - - - - - - - - - - - - - - - - - - - - - - - - - - - - - - - -->

	<mx:Application xmlns:mx="http://www.macromedia.com/2005/mxml">

		<!-- - - - - - - - - - - - - - - - - - - - - - - - - - - - - - - - - - - - -->

		<mx:Model id="agmSizes">
			<large>
				<maxWidth>1500</maxWidth>
				<maxHeight>1500</maxHeight>
			</large>
		</mx:Model>

		<mx:Model id="metadata">
			<siteInfo>
				<title>Page Title</title>
				<description>Gallery Description</description>
			</siteInfo>
		</mx:Model>

		<mx:Model id="appearance">
			<polaroidGallery>
				<homePage>index.html</homePage>
				<imageBase>content</imageBase>
				<backgroundColor>#333333</backgroundColor>
			</polaroidGallery>
		</mx:Model>

		<mx:Model id="lightroomApplication">
	    <useWatermark ag:templateBehavior="keepFromNil">false</useWatermark>
			<jpegQuality ag:templateBehavior="keepFromNil">80</jpegQuality>
		</mx:Model>
		
<!-- - - - - - - - - - - - - - - - - - - - - - - - - - - - - - - - - - - - -->
<!-- Site Info -->
		
		<mx:VBox ag:panel="labels">
			<mx:VBox ag:style="subdivided_sections">
				<mx:VBox ag:style="content_column">
					<mx:HBox>
						<mx:Label text="Page Title"/>
						<ag:mruPopup value="siteTitle"/>
					</mx:HBox>
					<mx:TextInput ag:maximumLength="1600" ag:resizeToFitTextHeight="true" 
							ag:layout="text_color=AgPanel.bright_text_color," id="siteTitle"/>
				</mx:VBox>
			</mx:VBox>
		</mx:VBox>

<!-- - - - - - - - - - - - - - - - - - - - - - - - - - - - - - - - - - - - -->

<!-- - - - - - - - - - - - - - - - - - - - - - - - - - - - - - - - - - - - -->
<!-- Color Palette -->

		<mx:VBox ag:panel='colorPalette'>
		  <mx:VBox ag:style="subdivided_sections">
			<mx:VBox ag:style="color_content_column">
			  
			  <mx:ColorPicker id="backgroundColor" title="Background" 
			  		ag:style="label_and_color_row"/>

			</mx:VBox>
		  </mx:VBox>
		</mx:VBox>

<!-- - - - - - - - - - - - - - - - - - - - - - - - - - - - - - - - - - - - -->

<!-- - - - - - - - - - - - - - - - - - - - - - - - - - - - - - - - - - - - -->
<!-- Appearance -->

		<mx:VBox ag:panel="appearanceConfiguration">
			<mx:VBox ag:style="subdivided_sections">
				<mx:Label text="No Options" ag:style="header_section_label"/>
			</mx:VBox>
		</mx:VBox>

<!-- - - - - - - - - - - - - - - - - - - - - - - - - - - - - - - - - - - - -->

<!-- - - - - - - - - - - - - - - - - - - - - - - - - - - - - - - - - - - - -->
<!-- Output Settings -->

		<mx:VBox ag:panel="outputSettings">
			<mx:VBox ag:style="subdivided_sections">
				<mx:Label text="Images" ag:style="header_section_label"/>
				
				<mx:VBox ag:style="slider_content">
					<mx:NumericStepper id="largeSizeSlider" ag:title="Image Size" 
							minimum="460" maximum="1500" stepSize="10"
							ag:style="sliderRow" ag:widthInDigits="4" ag:precision="0" 
							ag:unit="px"/>
					<mx:NumericStepper id="jpegQualitySlider" ag:title="Quality" 
							minimum="0" maximum="100" stepSize="1" 
							ag:widthInDigits="4" ag:precision="0" ag:style="sliderRow"
							ag:unit=""/>
				</mx:VBox>

			</mx:VBox>
		</mx:VBox>

<!-- - - - - - - - - - - - - - - - - - - - - - - - - - - - - - - - - - - - -->

<!-- - - - - - - - - - - - - - - - - - - - - - - - - - - - - - - - - - - - -->
<!-- Bindings -->

		<!-- Site Info -->
		<mx:Binding destination="metadata.siteInfo.title" source="siteTitle.text"/>
		<mx:Binding destination="siteTitle.text" source="metadata.siteInfo.title"/>
		<!-- /Site Info -->

		<!-- Color Palette -->
		<mx:Binding destination="appearance.polaroidGallery.backgroundColor" source="backgroundColor.selectedColor" />
 		<mx:Binding destination="backgroundColor.selectedColor" source="appearance.polaroidGallery.backgroundColor" />
 		<!-- /Color Palette -->

 		<!-- Appearance -->
		<!-- /Appearance -->

		<!-- Output Settings -->
		<mx:Binding destination="agmSizes.tracking" source="largeSizeSlider.tracking"/>
		<mx:Binding destination="largeSizeSlider.tracking" source="agmSizes.tracking"/>

		<mx:Binding destination="agmSizes.large.width" source="largeSizeSlider.value"/>
		<mx:Binding destination="largeSizeSlider.value" source="agmSizes.large.width"/>

		<mx:Binding destination="agmSizes.large.height" source="largeSizeSlider.value"/>
		<mx:Binding destination="largeSizeSlider.value" source="agmSizes.large.height"/>

		<mx:Binding destination="lightroomApplication.jpegQuality" source="jpegQualitySlider.value"/>
		<mx:Binding destination="jpegQualitySlider.value" source="lightroomApplication.jpegQuality"/>

    <mx:Binding destination="lightroomApplication.useWatermark" source="useWatermarkCheckbox.selected"/>
    <mx:Binding destination="useWatermarkCheckbox.selected" source="lightroomApplication.useWatermark"/>
		<!-- /Output Settings -->
		
<!-- - - - - - - - - - - - - - - - - - - - - - - - - - - - - - - - - - - - -->


	</mx:Application>

</galleryMaker>
